SID,Account Name,rlp_companyid,Province,Division,Total Total Agents,Total Months Live,Total Agents Logged In - All Time,Avg Agent Login % - All Time,Total Agents Logged in Last  30 Days,Avg Agent Login KPI %,Total Agents Ever Importing Contacts,Avg Agent Imported KPI %,Total Agents Sending 30+ Comms,Avg Agent Engagement KPI %,Total Agents Adding 10+ New Contacts,Avg New Contacts KPI %,Agents Starting ASP,% Agents Starting Success Plan,Agents Completing ASP,% Agents Completing Success Plan,Total Cases Created Last 30 Days,Total Cases Closed Last 30 Days,Total 1st Resp Time (Mins) Last 30 Days,Total 4/5 Star % Last 30 Days,Avg Handle Time (Mins) Last 30 Days,Total Total Contacts Added,Total Contacts with Search Alerts,Total Contacts with Market Reports,Total Emails Sent All Time,Total Texts Sent All Time,Total Calls Made All Time,Total Communications Sent,Communications Sent / Agent / Month,Total Property Views All Time,Total Leads From Websites All Time,Total Leads From Websites - Last 30 Days,Total Agent Logins 2023,Total Agent Login % - All Time 2023,Total Contacts on Campaigns NEW,Total Contacts Added - CRM
SID-18990,Royal LePage Signature Realty,275,ON,D5,1563,40,1019,0.65,433,0.28,231,0.15,94,0.06,48,0.03,306,19.60%,41,2.60%,,,,,,266815,13580,4228,5256347,114488,33154,5403989,86.44,138109,12146,848,719,0.46,27888,252481
SID-21015,Royal LePage Real Estate Services LTD,1,ON,D5,1229,40,873,0.71,314,0.26,108,0.09,44,0.04,21,0.02,180,14.60%,38,3.10%,,,,,,149118,8120,938,1104252,34302,4816,1143370,23.26,70659,6613,330,606,0.49,26837,144065
SID-18752,Royal LePage Your Community Realty,106,ON,D5,1096,40,673,0.61,221,0.2,64,0.06,23,0.02,14,0.01,91,8.30%,12,1.10%,,,,,,73523,20838,1640,1609898,20068,7092,1637058,37.34,71966,5073,171,454,0.41,12036,70641
SID-18904,Royal LePage Team Realty,1241,ON,D5,588,40,480,0.82,252,0.43,93,0.16,38,0.06,17,0.03,94,16.00%,22,3.70%,0,0,,,,99567,7191,301,719871,9199,2525,731595,31.11,39949,7704,485,383,0.65,10497,76915
SID-18869,Royal LePage Terrequity Realty,10053,ON,D5,540,40,372,0.69,168,0.31,39,0.07,24,0.04,12,0.02,46,8.50%,9,1.70%,,,,,,48157,5776,917,853144,16736,10459,880339,40.76,53781,4304,138,272,0.5,15243,44413
SID-18738,Royal LePage Atlantic,16,NB,D5,512,40,456,0.89,242,0.47,151,0.29,61,0.12,26,0.05,102,19.90%,11,2.10%,,,,,,137486,25842,953,1051307,26694,17337,1095338,53.48,140004,13870,606,394,0.77,21718,125226
SID-18929,Royal LePage Flower City Realty,10038,ON,D5,416,40,189,0.45,73,0.18,16,0.04,13,0.03,10,0.02,47,11.30%,4,1.00%,,,,,,65767,1882,476,16947832,175196,2960,17125988,1029.21,13409,1285,49,120,0.29,3797,64606
SID-18749,Royal LePage NRC Realty,93,ON,D5,375,40,330,0.88,159,0.42,62,0.17,14,0.04,10,0.03,110,29.30%,23,6.10%,0,0,,,,74019,8606,317,762206,29452,3261,794919,52.99,85045,8171,152,253,0.67,7283,66802
SID-18799,Royal LePage ProAlliance Realty,95,ON,D5,328,40,290,0.88,184,0.56,49,0.15,28,0.09,18,0.05,79,24.10%,13,4.00%,,,,,,83449,8382,366,690810,19442,3103,713355,54.37,63722,8711,276,244,0.74,7167,72316
SID-18802,Royal LePage RCR Realty,98,ON,D5,319,40,244,0.76,93,0.29,23,0.07,5,0.02,2,0.01,56,17.60%,11,3.40%,0,0,,,,47282,1619,346,338446,10062,1517,350025,27.43,21971,1300,4,155,0.49,7047,41893
SID-18858,Royal LePage Kelowna,156,BC,D5,290,40,246,0.85,130,0.45,33,0.11,16,0.06,5,0.02,55,19.00%,8,2.80%,0,0,,,,41055,5583,268,558704,12387,2559,573650,49.45,75243,6114,91,202,0.7,6561,38738
SID-18754,Royal LePage State Realty,100,ON,D5,271,40,201,0.74,83,0.31,26,0.1,11,0.04,5,0.02,53,19.60%,10,3.70%,0,0,,,,23561,1860,175,256415,3862,671,260948,24.07,21783,1657,19,147,0.54,5326,21697
SID-18827,Royal LePage Performance Realty,1240,ON,D5,252,40,216,0.86,110,0.44,43,0.17,18,0.07,9,0.04,103,40.90%,28,11.10%,0,0,,,,53095,5446,389,657516,12630,2162,672308,66.7,52274,5025,84,167,0.66,8270,43227
SID-18755,Royal LePage Triland Realty,101,ON,D4,248,40,245,0.99,100,0.4,41,0.17,21,0.08,17,0.07,88,35.50%,58,23.40%,0,0,,,,104776,9160,2100,1138648,32111,8762,1179521,118.9,75197,9431,174,168,0.68,15364,95311
SID-18980,Royal LePage Connect Realty,79,ON,D4,238,40,166,0.7,73,0.31,21,0.09,13,0.05,5,0.02,58,24.40%,16,6.70%,0,0,,,,24834,2176,573,397544,8348,1169,407061,42.76,20364,2358,84,112,0.47,4879,24115
SID-18803,Royal LePage Wolstencroft Realty,461,BC,D4,233,40,148,0.64,58,0.25,17,0.07,7,0.03,4,0.02,21,9.00%,1,0.40%,,,,,,26288,469,35,163060,8101,740,171901,18.44,6360,378,1,96,0.41,1444,25684
SID-18934,Royal LePage Sussex,10059,BC,D4,233,40,182,0.78,90,0.39,15,0.06,8,0.03,5,0.02,31,13.30%,2,0.90%,0,0,,,,24336,2899,216,98497,4719,4034,107250,11.51,11225,934,44,151,0.65,3154,23679
SID-18792,Royal LePage Benchmark,416,AB,D4,227,40,209,0.92,127,0.56,54,0.24,44,0.19,20,0.09,87,38.30%,16,7.00%,0,0,,,,81123,11892,3492,2679758,48884,12211,2740853,301.86,127263,8355,66,182,0.8,17674,67122
SID-18959,Royal LePage Humania,10083,QC,D4,227,40,165,0.73,30,0.13,9,0.04,7,0.03,13,0.06,2,0.90%,0,0.00%,,,,,,58108,566,125,33415,678,132,34225,3.77,2275,487,7,88,0.39,1515,56872
SID-18917,Royal LePage Coast Capital Realty,7478,BC,D4,198,40,193,0.97,111,0.56,46,0.23,24,0.12,19,0.1,53,26.80%,10,5.10%,0,0,,,,60049,10528,573,768804,35425,4815,809044,102.15,87049,10315,183,161,0.81,15257,51914
SID-18767,Royal LePage Frank Real Estate,82,ON,D4,196,40,179,0.91,94,0.48,24,0.12,13,0.07,13,0.07,64,32.70%,15,7.70%,0,0,,,,65629,3424,458,335234,18491,1918,355643,45.36,31931,3503,320,138,0.7,6489,58276
SID-18820,Royal LePage Meadowtowne Realty,2475,ON,D4,193,40,151,0.78,67,0.35,30,0.16,3,0.02,5,0.03,37,19.20%,8,4.10%,0,0,,,,28543,1837,216,232259,9387,967,242613,31.43,13127,2287,121,116,0.6,2688,26263
SID-18741,Royal LePage Village,53,QC,D4,192,40,151,0.79,23,0.12,11,0.06,5,0.03,2,0.01,47,24.50%,3,1.60%,,,,,,21885,202,16,29595,407,629,30631,3.99,677,210,1,84,0.44,2122,21488
SID-16465,RLP Burloak RE Services,2208,ON,D4,185,40,146,0.79,69,0.37,18,0.1,11,0.06,1,0.01,49,26.50%,4,2.20%,0,0,,,,40967,1802,230,240376,6455,2388,249219,33.68,27816,728,23,108,0.58,2461,37038
SID-18778,Royal LePage Noralta Real Estate,130,AB,D4,182,40,163,0.9,107,0.59,15,0.08,15,0.08,36,0.2,49,26.90%,7,3.80%,0,0,,,,42363,9144,617,1388183,25073,2901,1416157,194.53,107359,9581,164,147,0.81,15460,38216
SID-18791,Royal LePage Prime Real Estate,414,MB,D4,182,40,162,0.89,73,0.4,31,0.17,8,0.04,3,0.02,48,26.40%,6,3.30%,0,0,,,,31605,3343,414,218449,10362,899,229710,31.55,25806,3856,39,105,0.58,3607,30363
SID-18756,Royal LePage Binder Real Estate,56,ON,D4,176,40,154,0.88,76,0.43,36,0.2,16,0.09,8,0.05,48,27.30%,7,4.00%,0,0,,,,50919,10315,688,1017549,23680,3445,1044674,148.39,70501,7036,188,121,0.69,12490,43819
SID-18910,Royal LePage Ignite Realty,10082,ON,D4,173,40,123,0.71,49,0.28,11,0.06,2,0.01,3,0.02,18,10.40%,1,0.60%,,,,,,11268,580,163,48446,596,652,49694,7.18,3393,513,20,88,0.51,284,10962
SID-18746,Royal LePage du Quartier,51,QC,D4,162,40,124,0.77,31,0.19,26,0.16,8,0.05,16,0.1,18,11.10%,2,1.20%,,,,,,106128,7644,200,1027534,2588,1640,1031762,159.22,3651,1082,31,96,0.59,1885,107550
SID-18941,Royal LePage West Real Estate Services,10045,BC,D4,160,40,120,0.75,63,0.39,28,0.18,12,0.08,11,0.07,48,30.00%,11,6.90%,,,,,,35535,4188,560,559114,10415,6061,575590,89.94,51115,2600,49,92,0.58,7152,33540
SID-18813,Royal LePage Locations North,596,ON,D4,146,40,132,0.9,73,0.5,28,0.19,17,0.12,4,0.03,45,30.80%,12,8.20%,,,,,,54860,1834,197,276945,5738,735,283418,48.53,16667,1635,33,102,0.7,1886,47696
SID-18821,Royal LePage ArTeam Realty,120,AB,D4,144,40,83,0.58,39,0.27,10,0.07,2,0.01,5,0.03,10,6.90%,1,0.70%,,,,,,9255,904,919,178514,5669,393,184576,32.04,12862,1318,2,58,0.4,3395,8913
SID-18852,Royal LePage Altitude,8102,QC,D4,138,40,75,0.54,8,0.06,5,0.04,1,0.01,1,0.01,4,2.90%,0,0.00%,,,,,,11033,165,7,18405,67,46,18518,3.35,1736,203,1,37,0.27,99,10346
SID-18942,Royal LePage Triomphe,10077,QC,D4,137,40,100,0.73,25,0.18,12,0.09,3,0.02,3,0.02,6,4.40%,0,0.00%,,,,,,19941,368,62,22050,556,178,22784,4.16,1793,426,10,65,0.47,1186,18380
SID-18829,Royal LePage Royal City Realty,7616,ON,D4,136,40,124,0.91,73,0.54,28,0.21,22,0.16,17,0.13,39,28.70%,7,5.10%,0,0,,,,41675,6412,638,459848,4117,1307,465272,85.53,31636,6507,420,98,0.72,2815,38829
SID-18878,Royal LePage Global Force Realty,10055,BC,D4,132,40,79,0.6,28,0.21,6,0.05,2,0.02,3,0.02,14,10.60%,2,1.50%,,,,,,18240,884,38,86664,4058,502,91224,17.28,5854,874,33,50,0.38,3840,18172
SID-18882,Royal LePage Solutions,10000,AB,D4,132,40,118,0.89,56,0.42,17,0.13,14,0.11,5,0.04,48,36.40%,19,14.40%,0,0,,,,38583,4655,235,400682,21881,11093,433656,82.13,57865,3898,45,84,0.64,3222,35368
SID-18806,Royal LePage Wolle Realty,104,ON,D4,130,40,119,0.92,65,0.5,31,0.24,17,0.13,4,0.03,45,34.60%,11,8.50%,0,0,,,,29349,2047,87,318936,8073,1293,328302,63.14,18354,2012,12,96,0.74,5730,27628
SID-18825,Royal LePage Credit Valley Real Estate,2846,ON,D4,127,40,115,0.91,50,0.39,27,0.21,16,0.13,6,0.05,34,26.80%,7,5.50%,,,,,,18609,4070,554,697275,9469,2601,709345,139.63,51703,2618,48,73,0.57,7303,15568
SID-18906,Royal LePage Estate Realty,3595,ON,D4,127,40,114,0.9,59,0.46,20,0.16,13,0.1,16,0.13,30,23.60%,6,4.70%,,,,,,25490,2213,324,275924,6673,2006,284603,56.02,22294,2274,296,98,0.77,4429,24256
SID-18804,Royal LePage Dynamic Real Estate,472,MB,D4,122,40,103,0.84,48,0.39,7,0.06,5,0.04,1,0.01,15,12.30%,1,0.80%,0,0,,,,20333,5291,68,282488,1179,684,284351,58.27,44952,2084,21,72,0.59,6039,19868
SID-18849,Royal LePage Tendance,10026,QC,D4,111,40,66,0.59,15,0.14,5,0.05,6,0.05,2,0.02,2,1.80%,0,0.00%,,,,,,9642,251,51,25092,958,140,26190,5.9,809,234,2,49,0.44,590,9269
SID-18896,Royal LePage Blanc & Noir,10087,QC,D4,111,40,100,0.9,27,0.24,9,0.08,8,0.07,12,0.11,2,1.80%,0,0.00%,,,,,,18314,907,53,22492,1157,349,23998,5.4,4431,1245,44,73,0.66,2096,17854
SID-18793,Royal LePage Nanaimo Realty,158,BC,D4,110,40,104,0.95,62,0.56,9,0.08,8,0.07,10,0.09,27,24.50%,1,0.90%,0,0,,,,19854,4141,184,348661,11275,581,360517,81.94,57404,5589,199,92,0.84,2698,16902
SID-18988,Royal LePage Habitations,34,QC,D4,108,40,93,0.86,26,0.24,5,0.05,2,0.02,4,0.04,1,0.90%,0,0.00%,,,,,,22969,630,24,28228,563,222,29013,6.72,1697,861,7,65,0.6,3235,22331
SID-72040,Royal LePage Little Oak Realty,10167,BC,D4,107,4,84,0.79,51,0.48,11,0.1,4,0.04,9,0.08,,,,,,,,,,7174,268,26,5503,120,44,5667,13.24,517,47,8,84,0.79,1839,7103
SID-18777,Royal LePage Lakes Of Muskoka,90,ON,D4,105,40,88,0.84,57,0.54,10,0.1,9,0.09,13,0.12,24,22.90%,6,5.70%,0,0,,,,31299,4918,112,138195,6401,1778,146374,34.85,17614,5639,332,69,0.66,2867,27202
SID-18948,Royal LePage Sterling Realty,10064,BC,D4,103,40,74,0.72,43,0.42,9,0.09,5,0.05,3,0.03,13,12.60%,4,3.90%,0,0,,,,6268,488,341,83690,2842,796,87328,21.2,7069,459,34,64,0.62,1798,5917
SID-18969,Royal LePage MartinLiberty Realty,10132,SK,D4,101,40,86,0.85,35,0.35,9,0.09,4,0.04,6,0.06,39,38.60%,11,10.90%,0,0,,,,23790,6097,170,340481,10394,295,351170,86.92,50224,5797,214,57,0.56,6483,23462
SID-18864,Royal LePage Supreme Realty,9977,ON,D3,96,40,92,0.96,40,0.42,11,0.11,9,0.09,4,0.04,29,30.20%,13,13.50%,0,0,,,,14253,3125,266,475103,17400,3612,496115,129.2,46030,2429,34,61,0.64,4845,12290
SID-18877,Royal LePage Realty Plus,7001,ON,D3,95,40,62,0.65,20,0.21,2,0.02,2,0.02,0,0,12,12.60%,2,2.10%,0,0,,,,10011,92,7,20477,457,190,21124,5.56,829,186,3,33,0.35,932,6570
SID-18902,Royal LePage Premium One Realty,10054,ON,D3,95,40,60,0.63,19,0.2,6,0.06,1,0.01,1,0.01,5,5.30%,0,0.00%,,,,,,6904,397,56,51981,839,587,53407,14.05,1920,260,2,35,0.37,549,6598
SID-38317,Royal LePage Platinum Realty,10151,ON,D3,95,28,91,0.96,37,0.39,29,0.31,12,0.13,17,0.18,6,6.30%,1,1.10%,,,,,,36548,1029,226,147056,22628,7977,177661,66.79,10353,506,10,79,0.83,4302,35769
SID-18886,Royal LePage Heritage,485,QC,D3,94,40,68,0.72,11,0.12,9,0.1,0,0,2,0.02,6,6.40%,1,1.10%,,,,,,15465,532,39,20680,633,202,21515,5.72,2198,289,13,44,0.47,655,13648
SID-18908,Royal LePage New Concept,10056,ON,D3,92,40,48,0.52,19,0.21,1,0.01,2,0.02,0,0,9,9.80%,0,0.00%,,,,,,1276,78,10,9096,24,75,9195,2.5,694,176,2,30,0.33,25,854
SID-18994,Royal LePage Vision Realty,10075,ON,D3,91,40,73,0.8,22,0.24,14,0.15,12,0.13,2,0.02,19,20.90%,2,2.20%,0,0,,,,25232,1489,991,351460,11157,470,363087,99.75,20440,796,11,47,0.52,9460,24970
SID-18787,Royal LePage ParksvilleQualicum Beach Realty,162,BC,D3,90,40,76,0.84,47,0.52,15,0.17,4,0.04,6,0.07,18,20.00%,2,2.20%,,,,,,18870,1213,69,354744,307,788,355839,98.84,28877,1195,40,62,0.69,2840,16452
SID-18842,Royal LePage Real Estate Professionals,603,ON,D3,89,40,40,0.45,11,0.12,1,0.01,0,0,0,0,4,4.50%,0,0.00%,,,,,,2110,19,4,1741,7,239,1987,0.56,71,22,8,22,0.25,16,2104
SID-18982,Royal LePage Network Realty Corp.,135,AB,D3,87,40,80,0.92,54,0.62,10,0.11,13,0.15,5,0.06,30,34.50%,6,6.90%,0,0,,,,20708,6698,141,521423,18688,943,541054,155.48,66342,7922,97,69,0.79,5700,19311
SID-64530,Royal LePage Metro,12498,AB,D3,84,,64,0.76,46,0.55,3,0.04,4,0.05,2,0.02,1,1.20%,0,0.00%,,,,,,16815,186,16,81773,2751,130,84654,,1201,203,26,64,0.76,963,16292
SID-18893,Royal LePage Macro Realty,10067,ON,D3,81,40,57,0.7,28,0.35,4,0.05,3,0.04,1,0.01,10,12.30%,1,1.20%,,,,,,3538,1044,42,99794,114,71,99979,30.86,6557,1092,11,43,0.53,230,3453
SID-18838,Royal LePage Realty Centre,9997,ON,D3,80,40,36,0.45,13,0.16,3,0.04,1,0.01,0,0,5,6.30%,0,0.00%,,,,,,20119,3523,21,70940,223,8323,79486,24.84,2670,303,1,22,0.28,2205,7225
SID-18897,Royal LePage Humania Centre,10096,QC,D3,78,40,49,0.63,13,0.17,6,0.08,6,0.08,3,0.04,2,2.60%,0,0.00%,,,,,,24867,2952,16,262482,6309,1400,270191,86.6,6547,167,8,35,0.45,414,23823
SID-18965,Royal LePage Atlantic Homestead,20,NL,D3,75,40,73,0.97,47,0.63,8,0.11,26,0.35,28,0.37,44,58.70%,17,22.70%,0,0,,,,49705,25800,327,2390063,65703,4294,2460060,820.02,318617,23342,685,62,0.83,11816,27643
SID-18798,Royal LePage Aspire Realty,163,BC,D3,72,40,55,0.76,24,0.33,1,0.01,4,0.06,6,0.08,7,9.70%,1,1.40%,,,,,,13667,904,154,102239,3894,540,106673,37.04,13649,1117,8,30,0.42,3100,13382
SID-18833,Royal LePage Vallee De LOutaouais,582,QC,D3,71,40,43,0.61,7,0.1,2,0.03,3,0.04,2,0.03,1,1.40%,0,0.00%,,,,,,22814,55,6,12208,174,202,12584,4.43,310,79,2,22,0.31,173,22769
SID-18807,Royal LePage Top Producers Real Estate,430,MB,D3,70,40,66,0.94,30,0.43,5,0.07,4,0.06,5,0.07,9,12.90%,2,2.90%,,,,,,13392,900,15,111172,3862,133,115167,41.13,9490,970,73,46,0.66,3242,12702
SID-18916,Royal LePage Westside,10066,BC,D3,70,40,39,0.56,17,0.24,3,0.04,4,0.06,0,0,8,11.40%,2,2.90%,,,,,,4498,426,81,76288,1099,225,77612,27.72,3494,335,4,31,0.44,1624,4356
SID-18750,Royal LePage First Contact Realty,61,ON,D3,69,40,58,0.84,36,0.52,4,0.06,7,0.1,0,0,17,24.60%,0,0.00%,0,0,,,,13669,1472,536,189582,6686,563,196831,71.32,18792,489,4,51,0.74,2612,11054
SID-18943,Royal LePage Partenaire,10091,QC,D3,69,40,54,0.78,15,0.22,4,0.06,4,0.06,3,0.04,3,4.30%,0,0.00%,,,,,,14086,153,20,53685,130,90,53905,19.53,1016,165,4,39,0.57,4717,10899
SID-19382,Royal LePage Prince Edward Realty,14,PE,D3,69,40,54,0.78,21,0.3,3,0.04,2,0.03,3,0.04,5,7.20%,2,2.90%,,,,,,10062,568,216,46938,2195,476,49609,17.97,7328,271,14,40,0.58,727,9237
SID-18743,Royal LePage Lannon Realty,65,ON,D3,67,40,64,0.96,37,0.55,3,0.04,6,0.09,4,0.06,16,23.90%,3,4.50%,0,0,,,,18727,3360,145,290232,3044,670,293946,109.68,74595,4122,34,55,0.82,2971,18346
SID-18889,Royal LePage Realty Plus Oakville,10057,ON,D3,67,40,48,0.72,26,0.39,2,0.03,2,0.03,1,0.01,9,13.40%,0,0.00%,,,,,,6177,347,118,32693,165,98,32956,12.3,3217,215,4,36,0.54,176,3541
SID-18805,Royal LePage In The Comox Valley,429,BC,D3,65,40,52,0.8,16,0.25,10,0.15,4,0.06,2,0.03,16,24.60%,1,1.50%,0,0,,,,22276,13452,329,383063,4532,1416,389011,149.62,47643,2247,20,31,0.48,2387,21687
SID-57499,Royal LePage Fairstone Realty,10158,BC,D3,64,13,32,0.5,13,0.2,5,0.08,0,0,1,0.02,,,,,,,,,,3235,780,15,26034,532,123,26689,32.08,1508,148,9,28,0.44,179,3184
SID-18843,Royal LePage Downtown Realty,152,BC,D3,63,40,58,0.92,44,0.7,1,0.02,3,0.05,1,0.02,15,23.80%,0,0.00%,0,0,,,,8647,1017,27,57986,2609,220,60815,24.13,9434,1181,70,54,0.86,1367,8030
SID-18870,Royal LePage Au Sommet,9990,QC,D3,63,40,62,0.98,21,0.33,6,0.1,3,0.05,4,0.06,3,4.80%,3,4.80%,,,,,,12052,1168,35,17263,692,371,18326,7.27,3480,1094,15,62,0.98,1101,12012
SID-18928,Royal LePage Urban Realty,9980,ON,D3,63,40,26,0.41,11,0.17,1,0.02,0,0,0,0,3,4.80%,0,0.00%,,,,,,928,15,4,3335,102,18,3455,1.37,333,22,0,14,0.22,234,914
SID-18952,Royal LePage Vendex Realty,10037,ON,D3,63,40,49,0.78,27,0.43,12,0.19,9,0.14,10,0.16,6,9.50%,3,4.80%,,,,,,27310,3448,829,226227,12595,25143,263965,104.75,7413,170,16,49,0.78,2388,23680
SID-39090,Royal LePage Downsview Realty,10152,ON,D3,63,28,37,0.59,5,0.08,0,0,1,0.02,0,0,4,6.30%,1,1.60%,,,,,,3335,21,5,15798,1815,152,17765,10.07,72,45,1,32,0.51,2601,3327
SID-18851,Royal LePage Community Realty,7243,AB,D3,62,40,61,0.98,38,0.61,4,0.06,4,0.06,7,0.11,14,22.60%,4,6.50%,,,,,,14845,1969,23,213362,11468,577,225407,90.89,29230,2300,62,48,0.77,479,14395
SID-18857,Royal LePage Westwin Realty,956,BC,D3,62,40,52,0.84,29,0.47,5,0.08,7,0.11,6,0.1,10,16.10%,1,1.60%,,,,,,16144,1544,438,236701,3477,310,240488,96.97,19388,2198,56,36,0.58,898,15889
SID-33573,Royal LePage Wheeler Cheam,10148,BC,D3,60,31,50,0.83,26,0.43,11,0.18,2,0.03,1,0.02,16,26.70%,2,3.30%,,,,,,8641,2846,36,263867,2894,296,267057,143.58,25153,3418,13,39,0.65,1607,8270
SID-18779,Royal LePage Locations West Realty,157,BC,D3,59,40,51,0.86,29,0.49,4,0.07,0,0,0,0,13,22.00%,0,0.00%,0,0,,,,9744,351,19,20573,536,227,21336,9.04,7452,555,2,44,0.75,90,9121
SID-18761,Royal LePage Crown Realty Services,58,ON,D3,57,40,55,0.96,29,0.51,6,0.11,5,0.09,9,0.16,21,36.80%,3,5.30%,,,,,,14634,4607,131,470019,8343,799,479161,210.16,29380,5157,163,41,0.72,1673,11784
SID-18788,Royal LePage East Kootenay Realty,153,BC,D3,57,40,44,0.77,20,0.35,0,0,0,0,1,0.02,4,7.00%,0,0.00%,,,,,,10975,145,4,9107,2272,148,11527,5.06,753,156,0,31,0.54,381,10544
SID-18909,Royal LePage Golden Ridge Realty,10029,ON,D3,57,40,54,0.95,15,0.26,1,0.02,0,0,0,0,3,5.30%,0,0.00%,,,,,,3580,71,3,14639,28,18,14685,6.44,646,141,1,30,0.53,34,3560
SID-18907,Royal LePage West Realty Group,4773,ON,D3,56,40,26,0.46,14,0.25,2,0.04,2,0.04,1,0.02,4,7.10%,2,3.60%,0,0,,,,5897,92,8,23628,1462,441,25531,11.4,854,67,2,22,0.39,2682,5789
SID-18753,Royal LePage InterQuebec,39,QC,D3,55,40,31,0.56,3,0.05,1,0.02,0,0,2,0.04,,,,,,,,,,18054,15,3,3895,30,58,3983,1.81,88,37,0,12,0.22,455,17153
SID-18903,Royal LePage Urbain,10099,QC,D3,54,40,45,0.83,18,0.33,6,0.11,2,0.04,2,0.04,1,1.90%,0,0.00%,,,,,,21652,129,24,27150,72,33,27255,12.62,2739,194,4,30,0.56,132,19932
SID-18797,Royal LePage Brookside Realty,447,BC,D3,53,40,42,0.79,22,0.42,3,0.06,3,0.06,2,0.04,10,18.90%,3,5.70%,0,0,,,,4030,323,57,23428,989,764,25181,11.88,2090,301,17,29,0.55,340,3757
SID-18824,Royal LePage Tradition,4713,QC,D3,52,40,31,0.6,2,0.04,2,0.04,0,0,0,0,,,,,,,,,,9752,117,7,11159,178,70,11407,5.48,803,136,0,18,0.35,1249,9651
SID-18935,Royal LePage Expert,10089,QC,D3,52,40,35,0.67,11,0.21,6,0.12,5,0.1,4,0.08,3,5.80%,0,0.00%,,,,,,18497,1895,179,681907,6766,465,689138,331.32,27725,496,1,22,0.42,2458,17376
SID-18747,Royal LePage North Heritage Realty,68,ON,D3,51,40,50,0.98,35,0.69,13,0.25,4,0.08,4,0.08,15,29.40%,4,7.80%,,,,,,19254,5944,227,412635,19516,512,432663,212.09,54958,6409,57,42,0.82,9914,18247
SID-18814,Royal LePage Global,665,QC,D3,51,40,42,0.82,12,0.24,3,0.06,0,0,1,0.02,7,13.70%,0,0.00%,,,,,,2650,203,4,15057,550,559,16166,7.92,928,203,0,28,0.55,285,2624
SID-18996,Royal LePage Regina Realty,113,SK,D3,50,40,39,0.78,26,0.52,8,0.16,2,0.04,5,0.1,7,14.00%,1,2.00%,,,,,,15374,391,16,41918,6193,210,48321,24.16,2635,850,1,31,0.62,866,14481
SID-18757,Royal LePage Excellence,49,QC,D2,49,40,33,0.67,5,0.1,0,0,1,0.02,3,0.06,,,,,,,,,,9740,438,2,4514,110,20,4644,2.37,731,447,25,17,0.35,47,9735
SID-18947,Royal LePage Peaceland Realty,10063,ON,D2,49,40,22,0.45,3,0.06,1,0.02,0,0,0,0,5,10.20%,0,0.00%,,,,,,4384,25,3,7832,39,90,7961,4.06,398,36,0,12,0.24,30,4375
SID-18961,Royal LePage Mission Real Estate,10088,AB,D2,48,40,35,0.73,14,0.29,10,0.21,2,0.04,6,0.13,14,29.20%,2,4.20%,0,0,,,,5242,1327,26,62187,1492,283,63962,33.31,3616,394,45,29,0.6,423,4511
SID-18920,Royal LePage Grand Valley Realty,10030,ON,D2,47,40,31,0.66,18,0.38,3,0.06,2,0.04,0,0,8,17.00%,2,4.30%,,,,,,17071,820,5,71524,4723,198,76445,40.66,3922,627,0,23,0.49,1855,16334
SID-18841,Royal LePage Maximum Realty,579,ON,D2,46,40,24,0.52,13,0.28,5,0.11,3,0.07,0,0,7,15.20%,2,4.30%,,,,,,6175,113,4,34155,824,132,35111,19.08,647,111,0,14,0.3,100,5988
SID-18762,Royal LePage Saskatoon Real Estate,114,SK,D2,45,40,39,0.87,19,0.42,5,0.11,2,0.04,4,0.09,13,28.90%,2,4.40%,,,,,,16618,4776,174,467575,13027,246,480848,267.14,77148,5929,123,29,0.64,1128,15658
SID-18789,Royal LePage Anchor Realty,186,NS,D2,45,40,37,0.82,17,0.38,7,0.16,2,0.04,4,0.09,14,31.10%,2,4.40%,,,,,,7835,121,52,21949,1544,172,23665,13.15,528,185,62,26,0.58,856,7321
SID-18831,Royal LePage Peifer Realty,497,ON,D2,45,40,44,0.98,29,0.64,3,0.07,2,0.04,5,0.11,22,48.90%,11,24.40%,,,,,,8111,2679,29,136670,2897,239,139806,77.67,18098,2789,148,39,0.87,937,7229
SID-18874,Royal LePage Advance,460,BC,D2,44,40,41,0.93,16,0.36,5,0.11,5,0.11,2,0.05,14,31.80%,1,2.30%,,,,,,11346,951,9,80617,794,123,81534,46.33,7495,955,12,32,0.73,532,11178
SID-18944,Royal LePage Brant Realty,9999,ON,D2,44,40,43,0.98,19,0.43,14,0.32,10,0.23,4,0.09,24,54.50%,15,34.10%,0,0,,,,11307,4473,1667,431088,6709,2533,440330,250.19,60150,4240,134,35,0.8,2859,8638
SID-27772,REC Team Standalone,275000000,ON,D2,44,34,44,1,17,0.39,32,0.73,8,0.18,7,0.16,17,38.60%,4,9.10%,,,,,,63081,9207,280,408871,15672,8840,433383,289.69,12074,578,1,36,0.82,911,60302
SID-18758,Royal LePage North Bay Real Estate Services,67,ON,D2,43,40,40,0.93,22,0.51,2,0.05,1,0.02,1,0.02,18,41.90%,5,11.60%,,,,,,9262,293,12,21270,731,300,22301,12.97,2718,461,27,30,0.7,270,8208
SID-18840,Royal LePage In Touch Realty,9974,ON,D2,43,40,36,0.84,17,0.4,0,0,3,0.07,0,0,7,16.30%,1,2.30%,,,,,,7107,277,70,32659,3766,373,36798,21.39,3093,201,0,28,0.65,1318,5751
SID-18834,Royal LePage Heartland Realty,8104,ON,D2,42,40,36,0.86,16,0.38,2,0.05,2,0.05,1,0.02,7,16.70%,0,0.00%,,,,,,5481,479,2,7728,1002,107,8837,5.26,1021,475,69,32,0.76,203,5140
SID-18967,Royal LePage Action Realty,73,ON,D2,42,40,42,1,18,0.43,9,0.21,7,0.17,4,0.1,11,26.20%,3,7.10%,0,0,,,,14678,2195,48,148252,3524,273,152049,90.51,9013,2505,69,32,0.76,6818,12873
SID-18785,Royal LePage Northstar Realty,160,BC,D2,40,40,29,0.73,14,0.35,7,0.18,3,0.08,2,0.05,7,17.50%,0,0.00%,,,,,,11447,2809,9,99834,1493,646,101973,63.73,9203,960,53,20,0.5,1296,11327
SID-18936,Royal LePage Infinity Realty,10090,ON,D2,40,40,31,0.78,8,0.2,8,0.2,1,0.03,1,0.03,6,15.00%,3,7.50%,0,0,,,,13216,745,39,284734,1450,87,286271,178.92,8665,1277,29,18,0.45,1897,13058
SID-50862,Royal LePage Terra Realty,10157,ON,D2,40,18,31,0.78,20,0.5,7,0.18,4,0.1,2,0.05,3,7.50%,0,0.00%,,,,,,69320,561,38,108252,6593,119,114964,159.67,3892,494,15,28,0.7,6875,11577
SID-18993,Royal LePage Elite Realty,10033,ON,D2,39,40,22,0.56,6,0.15,2,0.05,1,0.03,1,0.03,6,15.40%,1,2.60%,,,,,,959,22,14,16444,12,47,16503,10.58,274,41,2,10,0.26,44,957
SID-18795,Royal LePage Kawartha Lakes Realty,88,ON,D2,38,40,29,0.76,9,0.24,1,0.03,1,0.03,0,0,2,5.30%,0,0.00%,,,,,,3050,185,5,9377,107,54,9538,6.28,429,189,0,16,0.42,277,3017
SID-18915,Royal LePage Premier Real Estate,10021,AB,D2,37,40,37,1,21,0.57,9,0.24,6,0.16,3,0.08,28,75.70%,22,59.50%,,,,,,16612,3514,361,530021,10711,1033,541765,366.06,31681,3728,33,35,0.95,12312,15601
SID-18845,Royal LePage Evolution,6505,QC,D2,36,40,34,0.94,8,0.22,0,0,4,0.11,4,0.11,,,,,,,,,,9571,126,6,6206,245,12,6463,4.49,548,308,4,24,0.67,143,9560
SID-18971,Royal LePage Le Carrefour,43,QC,D2,36,40,21,0.58,2,0.06,1,0.03,1,0.03,1,0.03,1,2.80%,0,0.00%,,,,,,3746,84,0,2521,1,8,2530,1.76,162,90,12,9,0.25,238,3718
SID-18759,Royal LePage Key Realty,72,ON,D2,35,40,28,0.8,15,0.43,0,0,1,0.03,0,0,6,17.10%,0,0.00%,,,,,,3782,224,14,11268,386,45,11699,8.36,1403,76,0,24,0.69,263,3732
SID-18991,Royal LePage Elite,505,QC,D2,35,40,26,0.74,3,0.09,8,0.23,4,0.11,2,0.06,10,28.60%,0,0.00%,,,,,,5567,180,15,10524,120,57,10701,7.64,383,169,24,10,0.29,597,5471
SID-72918,Royal LePage Associates Realty,10169,ON,D2,35,0,23,0.66,21,0.6,1,0.03,1,0.03,3,0.09,,,,,,,,,,1674,21,7,394,2,36,432,,51,22,21,23,0.66,1428,1674
SID-18868,Royal LePage Riverbend Realty,10041,MB,D2,34,40,28,0.82,15,0.44,3,0.09,1,0.03,0,0,2,5.90%,1,2.90%,,,,,,9437,115,13,5203,260,132,5595,4.11,345,103,2,23,0.68,399,9290
SID-18871,Royal LePage Patrimoine,10010,QC,D2,34,40,29,0.85,8,0.24,5,0.15,6,0.18,6,0.18,,,,,,,,,,22181,1593,112,106412,4188,1479,112079,82.41,5118,805,30,19,0.56,3484,21483
SID-18773,Royal LePage Mauricie,183,QC,D2,33,40,28,0.85,12,0.36,0,0,1,0.03,2,0.06,,,,,,,,,,8983,64,6,3876,179,50,4105,3.11,193,81,2,19,0.58,286,8973
SID-18855,Royal LePage Classic,9966,QC,D2,33,40,14,0.42,1,0.03,1,0.03,0,0,1,0.03,2,6.10%,0,0.00%,,,,,,5770,1,1,261,0,11,272,0.21,5,3,0,4,0.12,9,5766
SID-18973,Royal LePage Champlain,274,QC,D2,33,40,19,0.58,1,0.03,0,0,0,0,0,0,3,9.10%,0,0.00%,,,,,,2941,40,0,297,7,18,322,0.24,64,36,0,9,0.27,16,2787
SID-18912,Royal LePage Privil`ege,10006,QC,D2,32,40,22,0.69,5,0.16,0,0,0,0,1,0.03,,,,,,,,,,7741,76,7,5723,3,11,5737,4.48,467,104,1,14,0.44,31,7307
SID-18964,Royal LePage Citizen Realty,10100,ON,D2,31,40,24,0.77,10,0.32,3,0.1,4,0.13,2,0.06,7,22.60%,2,6.50%,,,,,,8324,427,205,224589,10584,6092,241265,194.57,7149,302,16,21,0.68,4454,8131
SID-18751,Royal LePage Northern Advantage,76,ON,D2,30,40,27,0.9,11,0.37,2,0.07,1,0.03,2,0.07,5,16.70%,1,3.30%,0,0,,,,8486,170,12,22064,711,54,22829,19.02,1634,243,10,23,0.77,3103,8391
SID-18865,Royal LePage Limoges & Assoc.,4490,QC,D2,30,40,29,0.97,3,0.1,2,0.07,4,0.13,3,0.1,,,,,,,,,,8886,121,0,8201,219,91,8511,7.09,410,137,1,17,0.57,248,8863
SID-18992,Royal LePage Vision Realty,10017,NL,D2,30,40,29,0.97,16,0.53,4,0.13,4,0.13,2,0.07,13,43.30%,8,26.70%,,,,,,12428,2007,35,163026,5219,555,168800,140.67,16962,2116,25,22,0.73,10431,11675
SID-18911,Royal LePage Property Consultants,10108,NL,D2,29,40,26,0.9,19,0.66,3,0.1,3,0.1,2,0.07,12,41.40%,7,24.10%,0,0,,,,8144,1120,15,92454,984,596,94034,81.06,9505,1165,5,22,0.76,1383,6415
SID-18960,Royal LePage Realty Team,10106,ON,D2,29,40,29,1,13,0.45,4,0.14,0,0,2,0.07,8,27.60%,1,3.40%,0,0,,,,6924,1014,19,45780,4881,660,51321,44.24,6586,1179,9,26,0.9,1474,6015
SID-18925,Royal LePage Varsity,10031,SK,D2,28,40,21,0.75,9,0.32,1,0.04,0,0,1,0.04,2,7.10%,2,7.10%,0,0,,,,2089,40,3,4734,525,104,5363,4.79,314,533,43,12,0.43,698,2051
SID-18987,Royal LePage Exchange Realty Co.,89,ON,D2,27,40,26,0.96,15,0.56,1,0.04,1,0.04,2,0.07,7,25.90%,1,3.70%,,,,,,6797,600,33,21757,1264,301,23322,21.59,2054,605,16,23,0.85,335,6130
SID-18763,Royal LePage Gateway Realty,127,AB,D2,26,40,27,1.04,17,0.65,1,0.04,2,0.08,2,0.08,18,69.20%,17,65.40%,0,0,,,,7416,1497,72,161586,6418,417,168421,161.94,14487,1626,39,25,0.96,2947,5607
SID-76253,Royal LePage PRG Real Estate,10170,ON,D2,25,,22,0.88,16,0.64,5,0.2,2,0.08,3,0.12,1,4.00%,0,0.00%,,,,,,5606,136,14,7101,755,31,7887,,470,180,18,20,0.8,19,5505
SID-18879,Royal LePage Virtuel,7620,QC,D1,23,40,10,0.43,2,0.09,0,0,0,0,0,0,2,8.70%,0,0.00%,,,,,,1132,5,3,610,5,22,637,0.69,47,8,0,5,0.22,0,1132
SID-18923,Royal LePage Preferred Realty,10093,BC,D1,23,40,15,0.65,5,0.22,0,0,0,0,0,0,2,8.70%,0,0.00%,,,,,,918,351,5,30243,420,25,30688,33.36,2293,22,0,13,0.57,37,906
SID-18953,Royal LePage Parkwood Realty,10072,ON,D1,23,40,18,0.78,6,0.26,1,0.04,0,0,3,0.13,8,34.80%,0,0.00%,,,,,,5238,36,1,4318,13,7,4338,4.72,109,39,2,13,0.57,360,5238
SID-18970,Royal LePage Regency Realty,144,BC,D1,23,40,22,0.96,4,0.17,0,0,0,0,0,0,,,,,,,,,,1103,2,2,315,2,36,353,0.38,11,1,0,15,0.65,1,1102
SID-18974,Royal LePage Trius Realty,75,ON,D1,23,40,24,1.04,9,0.39,1,0.04,2,0.09,0,0,5,21.70%,0,0.00%,,,,,,2746,753,4,35476,2347,66,37889,41.18,1901,875,1,17,0.74,307,2442
SID-18760,Royal LePage Team Advantage Realty,109,ON,D1,22,40,14,0.64,10,0.45,0,0,2,0.09,1,0.05,3,13.60%,0,0.00%,,,,,,2891,158,3,5712,438,37,6187,7.03,1175,238,1,13,0.59,199,2793
SID-18822,Royal LePage The Realty Group,2137,AB,D1,22,40,21,0.95,11,0.5,6,0.27,4,0.18,2,0.09,8,36.40%,3,13.60%,0,0,,,,16343,3075,102,433099,6910,331,440340,500.39,34413,3560,32,16,0.73,8785,15845
SID-18770,Royal LePage Kamloops Realty,155,BC,D1,21,40,14,0.67,5,0.24,0,0,0,0,0,0,2,9.50%,0,0.00%,,,,,,2313,12,2,2004,33,9,2046,2.44,60,21,0,7,0.33,38,2311
SID-18781,Royal LePage South Country Real Estate Services,141,AB,D1,21,40,20,0.95,12,0.57,0,0,0,0,2,0.1,2,9.50%,0,0.00%,,,,,,6177,34,2,8175,2173,106,10454,12.45,451,35,0,17,0.81,441,5385
SID-18848,Royal LePage Wildrose Real Estate,7077,AB,D1,21,40,20,0.95,13,0.62,0,0,0,0,1,0.05,4,19.00%,0,0.00%,0,0,,,,2288,102,2,4107,105,47,4259,5.07,658,154,5,17,0.81,77,2285
SID-28882,Royal LePage NL Realty,10079,NL,D1,21,35,18,0.86,12,0.57,3,0.14,3,0.14,0,0,12,57.10%,5,23.80%,,,,,,3181,76,3,7325,20,110,7455,10.14,418,65,0,15,0.71,96,3159
SID-18984,Royal LePage Country Estates,190,PE,D1,20,40,18,0.9,7,0.35,0,0,0,0,1,0.05,1,5.00%,0,0.00%,,,,,,4010,266,2,7925,119,18,8062,10.08,3412,366,5,11,0.55,9,4009
SID-22241,Royal Lepage Prestige Realty,10125,AB,D1,20,40,13,0.65,6,0.3,0,0,0,0,1,0.05,1,5.00%,0,0.00%,,,,,,1734,108,2,3349,166,4,3519,4.4,513,121,1,12,0.6,90,1734
SID-18949,Royal LePage Baird Real Estate,10117,ON,D1,19,40,14,0.74,4,0.21,2,0.11,1,0.05,0,0,2,10.50%,0,0.00%,,,,,,7003,156,12,138993,1095,39,140127,184.38,2363,154,0,12,0.63,119,6849
SID-18978,Royal LePage Hiller Realty,62,ON,D1,19,40,17,0.89,9,0.47,0,0,0,0,0,0,,,,,,,,,,3008,61,2,9086,504,30,9620,12.66,232,79,0,14,0.74,566,2779
SID-62045,Royal LePage Grand Realty,10159,ON,D1,19,9,18,0.95,15,0.79,1,0.05,1,0.05,0,0,,,,,,,,,,291,56,1,1855,569,73,2497,14.6,222,49,4,18,0.95,229,291
SID-18776,Royal LePage Edmonds & Associates,80,ON,D1,18,40,17,0.94,13,0.72,1,0.06,1,0.06,0,0,3,16.70%,0,0.00%,,,,,,7927,201,1,16974,1375,88,18437,25.61,1496,246,0,16,0.89,290,7163
SID-18891,Royal LePage Porritt Real Estate,10032,ON,D1,18,40,13,0.72,5,0.28,0,0,1,0.06,1,0.06,3,16.70%,0,0.00%,,,,,,2346,108,137,53682,127,257,54066,75.09,2232,43,0,8,0.44,142,2345
SID-18764,Royal LePage Advantage Real Estate,69,ON,D1,17,40,18,1.06,9,0.53,2,0.12,1,0.06,0,0,7,41.20%,3,17.60%,0,0,,,,5800,711,7,12770,650,67,13487,19.83,4134,825,7,17,1,66,5297
SID-18775,Royal LePage Northern Lights Realty,131,AB,D1,17,40,17,1,11,0.65,0,0,0,0,0,0,2,11.80%,0,0.00%,,,,,,2033,58,1,5162,506,32,5700,8.38,339,53,0,17,1,218,1908
SID-18836,Royal LePage Northern Realty Leaders,8106,ON,D1,17,40,14,0.82,10,0.59,1,0.06,3,0.18,2,0.12,2,11.80%,0,0.00%,,,,,,6898,42,8,10410,212,467,11089,16.31,427,46,0,13,0.76,1319,6872
SID-18888,Royal LePage Access Real Estate,10028,BC,D1,17,40,16,0.94,10,0.59,3,0.18,2,0.12,1,0.06,7,41.20%,0,0.00%,,,,,,5599,282,21,20496,1267,99,21862,32.15,3458,280,1,15,0.88,314,5187
SID-18921,Royal LePage Powell River,10073,BC,D1,17,40,16,0.94,8,0.47,2,0.12,0,0,1,0.06,5,29.40%,0,0.00%,0,0,,,,7472,893,16,31681,1199,54,32934,48.43,9270,857,4,13,0.76,183,7176
SID-18940,Royal LePage Realty Plus Toronto,10104,ON,D1,17,40,13,0.76,5,0.29,1,0.06,2,0.12,1,0.06,2,11.80%,0,0.00%,,,,,,4290,354,1,77504,157,141,77802,114.41,151,28,0,9,0.53,48,4266
SID-18975,Royal LePage Rockies West Realty,145,BC,D1,17,40,16,0.94,8,0.47,1,0.06,2,0.12,0,0,1,5.90%,0,0.00%,,,,,,8717,62,1,57887,909,87,58883,86.59,314,32,0,11,0.65,107,8372
SID-18890,Royal LePage Port Alberni Pacific Rim Realty,10061,BC,D1,16,40,14,0.88,3,0.19,0,0,0,0,0,0,,,,,,,,,,2039,80,4,5155,589,30,5774,9.02,375,75,0,13,0.81,233,1975
SID-18983,Royal LePage R.E. Wood Realty,97,ON,D1,16,40,15,0.94,8,0.5,1,0.06,1,0.06,1,0.06,4,25.00%,1,6.30%,,,,,,2782,253,15,9337,1339,51,10727,16.76,1131,330,26,11,0.69,1199,2623
SID-18986,Royal LePage Duncan Realty,431,BC,D1,16,40,11,0.69,7,0.44,2,0.13,1,0.06,1,0.06,1,6.30%,1,6.30%,,,,,,2110,78,7,6336,500,50,6886,10.76,494,73,14,8,0.5,196,1895
SID-73573,Royal LePage Magna,10164,AB,D1,16,,3,0.19,2,0.13,0,0,0,0,0,0,,,,,,,,,,10,0,0,13,0,0,13,,0,0,0,3,0.19,6,9
SID-18899,Royal LePage Real Quest Realty,9985,ON,D1,15,40,15,1,9,0.6,2,0.13,4,0.27,2,0.13,4,26.70%,1,6.70%,,,,,,1777,282,19,15232,742,218,16192,26.99,1813,372,12,15,1,472,1731
SID-28499,Royal LePage United Realty,10123,ON,D1,15,35,5,0.33,0,0,0,0,0,0,0,0,,,,,,,,,,62,2,0,1331,94,14,1439,2.74,8,0,0,1,0.07,32,62
SID-18739,Royal LePage Truro Real Estate,18,NS,D1,14,40,11,0.79,2,0.14,1,0.07,0,0,0,0,3,21.40%,0,0.00%,,,,,,1587,103,2,8467,9,24,8500,15.18,3408,11,0,7,0.5,49,1566
SID-18823,Royal LePage Summit Realty,434,AB,D1,14,40,11,0.79,4,0.29,0,0,0,0,0,0,1,7.10%,0,0.00%,,,,,,2451,201,2,22555,171,125,22851,40.81,2444,205,0,9,0.64,147,2438
SID-18850,Royal LePage Don Hamilton R.E.,9976,ON,D1,14,40,10,0.71,4,0.29,1,0.07,0,0,0,0,,,,,,,,,,1720,55,0,3087,780,58,3925,7.01,73,56,0,7,0.5,165,1593
SID-18856,Royal LePage D.C. Johnston Realty,9970,ON,D1,14,40,15,1.07,7,0.5,1,0.07,0,0,1,0.07,8,57.10%,1,7.10%,,,,,,3065,999,16,24427,742,113,25282,45.15,5050,1115,3,12,0.86,354,3023
SID-18892,Royal LePage Hallmark,10062,SK,D1,14,40,13,0.93,2,0.14,0,0,1,0.07,1,0.07,2,14.30%,0,0.00%,,,,,,4780,34,3,4590,19,26,4635,8.28,59,34,0,6,0.43,50,4763
SID-18976,Royal LePage Lifestyles Realty,128,AB,D1,14,40,11,0.79,6,0.43,0,0,0,0,1,0.07,4,28.60%,0,0.00%,,,,,,2334,135,3,11737,941,38,12716,22.71,738,117,0,10,0.71,289,2018
SID-18945,Royal LePage Mid North Realty,10092,ON,D1,13,40,12,0.92,8,0.62,0,0,0,0,0,0,2,15.40%,1,7.70%,,,,,,3301,165,1,2669,197,26,2892,5.56,497,175,0,10,0.77,81,3279
SID-18768,Royal LePage Black Tusk Realty,147,BC,D1,12,40,6,0.5,2,0.17,0,0,0,0,0,0,1,8.30%,0,0.00%,,,,,,485,0,0,656,0,41,697,1.45,0,0,0,4,0.33,9,485
SID-18772,Royal LePage Rose Country Realty,119,AB,D1,12,40,12,1,6,0.5,0,0,0,0,0,0,,,,,,,,,,1505,9,0,3406,621,45,4072,8.48,20,7,0,9,0.75,244,1440
SID-18800,Royal LePage County Realty,462,AB,D1,12,40,10,0.83,3,0.25,0,0,0,0,2,0.17,4,33.30%,1,8.30%,,,,,,3494,8,0,392,27,6,425,0.89,32,10,0,5,0.42,8,3493
SID-18863,Royal LePage Progressive Realty,9987,AB,D1,12,40,9,0.75,6,0.5,0,0,1,0.08,1,0.08,,,,,,,,,,457,41,2,555,5,14,574,1.2,91,47,0,9,0.75,13,377
SID-18745,Royal LePage Lachapelle,41,QC,D1,11,40,10,0.91,0,0,0,0,0,0,1,0.09,,,,,,,,,,3093,1,0,114,11,10,135,0.31,10,1,0,1,0.09,7,3093
SID-18867,Royal LePage Tamarack Trail Realty,9995,AB,D1,11,40,11,1,4,0.36,0,0,1,0.09,0,0,2,18.20%,0,0.00%,,,,,,1553,40,46,3920,50,12,3982,9.05,309,20,0,10,0.91,73,1543
SID-18876,Royal LePage Landmart,9992,SK,D1,11,40,7,0.64,4,0.36,1,0.09,0,0,0,0,,,,,,,,,,388,0,0,2698,10,0,2708,6.15,0,0,0,5,0.45,77,386
SID-18922,"Royal LePage Alliance, agence immobili`ere",9964,QC,D1,11,40,2,0.18,1,0.09,0,0,0,0,0,0,,,,,,,,,,649,0,0,165,77,13,255,0.58,0,2,0,1,0.09,10,639
SID-18740,Royal LePage Turner Realty,21,NL,D1,10,40,12,1.2,10,1,1,0.1,9,0.9,6,0.6,7,70.00%,3,30.00%,0,0,,,,7515,4416,947,163277,10200,1060,174537,436.34,37484,4238,93,12,1.2,2332,5368
SID-18766,Royal LePage Musgrave Agencies,129,AB,D1,10,40,9,0.9,5,0.5,2,0.2,0,0,0,0,2,20.00%,0,0.00%,,,,,,1180,92,31,6280,339,25,6644,16.61,2491,179,3,9,0.9,97,1151
SID-18861,Royal LePage Parkside Realty,161,BC,D1,10,40,5,0.5,2,0.2,0,0,0,0,0,0,,,,,,,,,,599,1,0,997,0,16,1013,2.53,5,8,0,3,0.3,19,599
SID-18966,Royal LePage Meritas Du Suroit,44,QC,D1,10,40,8,0.8,0,0,0,0,0,0,1,0.1,,,,,,,,,,3468,51,1,955,31,20,1006,2.51,257,55,0,4,0.4,357,3466
SID-38318,Royal LePage Local,10139,QC,D1,10,28,6,0.6,0,0,0,0,0,0,0,0,2,20.00%,0,0.00%,,,,,,379,2,0,643,444,11,1098,3.92,7,2,0,1,0.1,187,379
SID-18811,Royal LePage Lakes of Haliburton,111,ON,D1,9,40,6,0.67,2,0.22,1,0.11,1,0.11,0,0,,,,,,,,,,7944,167,1,2907,33,36,2976,8.27,526,5,0,5,0.56,122,7943
SID-18801,Royal LePage Wheat Country,417,SK,D1,8,40,8,1,4,0.5,1,0.13,0,0,0,0,2,25.00%,0,0.00%,,,,,,1398,17,1,1120,4,3,1127,3.52,65,6,0,6,0.75,36,1380
SID-18844,Royal LePage Portage Realty,10025,MB,D1,8,40,8,1,5,0.63,0,0,0,0,0,0,3,37.50%,0,0.00%,0,0,,,,1410,178,59,5880,86,49,6015,18.8,841,218,1,8,1,284,1404
SID-18918,Royal LePage Valley Realty,10084,AB,D1,8,40,6,0.75,1,0.13,0,0,0,0,0,0,1,12.50%,0,0.00%,,,,,,1031,3,0,873,170,86,1129,3.53,47,4,0,6,0.75,62,1023
SID-18927,Royal LePage Generation Realty,9968,NL,D1,8,40,8,1,5,0.63,0,0,0,0,0,0,,,,,,,,,,2200,2,0,839,522,45,1406,4.39,10,2,0,8,1,67,2160
SID-63981,Royal LePage Interior Properties,10161,BC,D1,8,,8,1,5,0.63,2,0.25,0,0,1,0.13,,,,,,,,,,495,30,3,490,77,0,567,,186,48,7,8,1,41,495
SID-18737,Royal LePage Cumberland Realty,15,NS,D1,7,40,5,0.71,2,0.29,0,0,0,0,0,0,,,,,,,,,,2057,8,0,1316,1,16,1333,4.76,35,11,0,4,0.57,41,2057
SID-18784,Royal LePage Premier Realty,458,SK,D1,7,40,6,0.86,1,0.14,0,0,0,0,0,0,1,14.30%,0,0.00%,,,,,,1140,3,0,2694,739,48,3481,12.43,53,3,1,4,0.57,212,1079
SID-18812,Royal LePage Best Choice Realty,651,ON,D1,7,40,7,1,7,1,2,0.29,3,0.43,0,0,2,28.60%,1,14.30%,,,,,,3081,764,13,15756,389,211,16356,58.41,2984,840,3,7,1,636,3013
SID-18837,Royal LePage Parkland Agencies,133,AB,D1,7,40,6,0.86,2,0.29,0,0,0,0,0,0,3,42.90%,1,14.30%,,,,,,1073,214,2,9286,22,26,9334,33.34,1475,220,0,5,0.71,6,1066
SID-18862,Royal LePage JMB & Associates,420,MB,D1,7,40,6,0.86,5,0.71,0,0,0,0,0,0,,,,,,,,,,872,1,0,603,0,11,614,2.19,2,3,0,6,0.86,14,198
SID-18866,Royal LePage Renaud Realty,10001,SK,D1,7,40,5,0.71,4,0.57,0,0,0,0,0,0,1,14.30%,1,14.30%,,,,,,657,12,0,637,5,13,655,2.34,17,2,0,4,0.57,11,617
SID-18880,Royal LePage Revelstoke,9294,BC,D1,7,40,7,1,3,0.43,0,0,0,0,0,0,4,57.10%,0,0.00%,,,,,,960,24,5,1381,12,18,1411,5.04,226,41,0,6,0.86,34,952
SID-18981,Royal LePage KamouraskaLislet,40,QC,D1,7,40,5,0.71,2,0.29,0,0,0,0,1,0.14,,,,,,,,,,3263,265,4,2418,16,32,2466,8.81,1452,292,4,4,0.57,69,3262
SID-18783,Royal LePage South Country Realty,165,BC,D1,6,40,6,1,2,0.33,0,0,2,0.33,0,0,2,33.30%,0,0.00%,,,,,,2934,92,3,10786,413,63,11262,46.93,531,77,0,5,0.83,591,2895
SID-18828,Royal LePage Landrys for  Real Estate Kenora,1413,ON,D1,6,40,6,1,3,0.5,0,0,0,0,0,0,,,,,0,0,,,,1305,109,10,2168,66,10,2244,9.35,1389,247,5,5,0.83,6,1304
SID-18839,Royal LePage Merritt Real Estate Services,10007,BC,D1,6,40,5,0.83,5,0.83,0,0,0,0,0,0,,,,,,,,,,1222,1,3,1570,46,29,1645,6.85,4,8,0,5,0.83,50,1220
SID-18859,Royal LePage Parkway Realty,10040,ON,D1,6,40,6,1,0,0,0,0,0,0,1,0.17,5,83.30%,2,33.30%,0,0,,,,2655,532,1,29803,2210,690,32703,136.26,3199,99,0,3,0.5,422,2110
SID-18951,Royal LePage Town & Country Realty,10068,AB,D1,6,40,5,0.83,3,0.5,0,0,0,0,0,0,,,,,,,,,,516,0,0,0,0,9,9,0.04,0,0,0,3,0.5,0,516
SID-18977,Royal LePage Edson Real Estate,125,AB,D1,6,40,6,1,3,0.5,0,0,0,0,0,0,,,,,0,0,,,,1060,45,1,4084,285,18,4387,18.28,908,47,0,4,0.67,56,738
SID-29372,Royal LePage Perfection,10043,QC,D1,6,34,6,1,2,0.33,0,0,1,0.17,0,0,,,,,,,,,,859,91,0,2504,571,9,3084,15.12,232,99,0,4,0.67,258,846
SID-18744,Royal LePage Origine,38,QC,D1,5,40,4,0.8,0,0,0,0,0,0,0,0,,,,,,,,,,5232,17,0,3906,189,96,4191,20.96,40,19,0,2,0.4,62,5222
SID-18782,Royal LePage Desert Oasis Realty,151,BC,D1,5,40,5,1,2,0.4,0,0,1,0.2,0,0,2,40.00%,1,20.00%,,,,,,2505,98,7,6851,538,24,7413,37.07,623,56,0,4,0.8,145,2141
SID-18810,Royal LePage Home Central,551,BC,D1,5,40,5,1,4,0.8,0,0,0,0,0,0,,,,,,,,,,661,9,0,597,2,14,613,3.07,39,14,0,5,1,4,661
SID-18883,Royal LePage Wright Choice Realty,10008,AB,D1,5,40,4,0.8,4,0.8,2,0.4,1,0.2,0,0,3,60.00%,1,20.00%,0,0,,,,768,118,18,6538,711,72,7321,36.61,2162,137,0,4,0.8,143,574
SID-18887,Royal LePage Plus,10013,QC,D1,5,40,5,1,2,0.4,0,0,1,0.2,1,0.2,,,,,,,,,,912,17,16,1746,159,65,1970,9.85,67,3,0,5,1,36,911
SID-18894,Royal LePage Country Realty,1172,AB,D1,5,40,3,0.6,0,0,0,0,0,0,0,0,,,,,,,,,,566,1,0,1617,1,25,1643,8.22,2,2,0,0,0,34,566
SID-18914,Royal LePage Legacy Realty,10121,MB,D1,5,40,5,1,3,0.6,1,0.2,0,0,0,0,1,20.00%,1,20.00%,,,,,,720,339,2,2045,389,47,2481,12.41,553,370,0,5,1,12,719
SID-18939,Royal LePage Formula 1,10071,SK,D1,5,40,5,1,0,0,0,0,0,0,0,0,1,20.00%,0,0.00%,,,,,,478,40,0,577,42,3,622,3.11,68,40,0,4,0.8,24,471
SID-18962,Royal LePage Haayer Realty,10094,BC,D1,5,40,2,0.4,1,0.2,0,0,0,0,0,0,,,,,,,,,,833,2,1,642,134,12,788,3.94,3,3,0,2,0.4,34,814
SID-18972,Royal LePage Central,440,AB,D1,5,40,5,1,3,0.6,0,0,0,0,0,0,,,,,,,,,,611,3,0,745,243,18,1006,5.03,7,4,0,4,0.8,67,576
SID-18989,Royal LePage Results Realty,276,ON,D1,5,40,3,0.6,0,0,0,0,0,0,1,0.2,,,,,,,,,,1183,4,0,3195,683,15,3893,19.47,37,2,0,2,0.4,230,1103
SID-19190,Royal LePage APM Commercial,10070,PE,D1,5,40,0,0,0,0,0,0,0,0,0,0,,,,,,,,,,46,0,0,345,0,2,347,1.74,0,0,0,0,0,20,46
SID-19191,Royal LePage de LErable,7622,QC,D1,5,40,5,1,0,0,1,0.2,1,0.2,1,0.2,,,,,,,,,,4680,86,1,2438,16,29,2483,12.42,168,84,0,4,0.8,325,4678
SID-18765,Royal LePage Andre Kopp & Associates,115,AB,D1,4,40,4,1,1,0.25,0,0,0,0,0,0,2,50.00%,0,0.00%,,,,,,619,0,0,1273,249,45,1567,9.79,0,2,0,4,1,102,588
SID-18826,Royal LePage P.V.R. Realty,475,AB,D1,4,40,4,1,3,0.75,0,0,0,0,0,0,,,,,,,,,,329,0,0,244,84,1,329,2.06,0,2,0,3,0.75,24,318
SID-18847,Royal LePage Summitview Realty,5228,AB,D1,4,40,3,0.75,0,0,0,0,0,0,0,0,,,,,,,,,,412,7,0,414,78,12,504,3.15,27,11,0,0,0,8,408
SID-18881,Royal LePage Dream Realty,10060,SK,D1,4,40,4,1,4,1,1,0.25,0,0,0,0,,,,,,,,,,452,5,0,1153,2,7,1162,7.26,29,8,2,4,1,26,407
SID-72996,Royal LePage Northern Gold Realty,10166,ON,D1,4,2,3,0.75,2,0.5,0,0,0,0,0,0,1,25.00%,0,0.00%,,,,,,25,0,0,22,12,1,35,4.38,0,1,0,3,0.75,14,25
SID-18815,Royal LePage Fort Nelson Realty,734,BC,D1,3,40,3,1,1,0.33,0,0,0,0,0,0,,,,,,,,,,845,0,0,520,49,11,580,4.83,0,0,0,2,0.67,14,842
SID-18816,Royal LePage Lakeland Real Estate,667,AB,D1,3,40,3,1,1,0.33,0,0,0,0,0,0,,,,,,,,,,239,1,0,446,58,27,531,4.43,33,1,0,1,0.33,9,225
SID-18854,Royal LePage Hodgins Realty,590,SK,D1,3,40,2,0.67,1,0.33,0,0,0,0,0,0,,,,,,,,,,322,1,0,585,0,6,591,4.93,1,1,0,2,0.67,16,322
SID-18885,Royal LePage Highland Properties,10036,NS,D1,3,40,2,0.67,1,0.33,0,0,0,0,0,0,,,,,,,,,,803,1,0,1762,0,6,1768,14.73,3,2,0,2,0.67,43,803
SID-18898,Royal LePage Drummondville,10044,QC,D1,3,40,3,1,0,0,0,0,0,0,0,0,,,,,,,,,,2187,22,6,399,39,13,451,3.76,104,7,0,1,0.33,68,2183
SID-18932,Royal LePage Trident Real Estate,9982,ON,D1,3,40,3,1,2,0.67,0,0,0,0,0,0,,,,,,,,,,172,0,0,63,0,9,72,0.6,0,0,0,3,1,3,172
SID-48954,Royal LePage Modern Realty,10155,AB,D1,3,19,2,0.67,2,0.67,0,0,0,0,0,0,3,100.00%,0,0.00%,,,,,,124,2,0,381,150,2,533,9.35,18,3,2,2,0.67,102,124
SID-18780,Royal LePage Jacinthe Dube,454,QC,D1,2,40,2,1,0,0,0,0,0,0,0,0,,,,,,,,,,163,1,0,32,3,13,48,0.6,4,6,0,0,0,2,163
SID-18786,Royal LePage Mighty Peace Realty,459,AB,D1,2,40,2,1,0,0,0,0,0,0,0,0,2,100.00%,0,0.00%,,,,,,391,0,0,596,39,24,659,8.24,0,0,0,0,0,18,386
SID-18846,Royal LePage Mackenzie Realty,679,BC,D1,2,40,2,1,0,0,0,0,0,0,0,0,,,,,,,,,,308,4,0,20,0,15,35,0.44,12,4,0,0,0,0,308
SID-18872,Royal LePage Selkirk Realty,4577,BC,D1,2,40,1,0.5,1,0.5,0,0,0,0,0,0,,,,,,,,,,989,1,0,55,0,5,60,0.75,6,2,0,1,0.5,1,989
SID-18901,Royal LePage Exceptional Real Estate Services,10024,ON,D1,2,40,1,0.5,0,0,0,0,0,0,0,0,,,,,,,,,,235,2,3,319,3,6,328,4.1,104,6,0,0,0,3,235
SID-18905,Royal LePage Icon Realty,10076,SK,D1,2,40,2,1,2,1,0,0,0,0,0,0,1,50.00%,0,0.00%,,,,,,2853,14,0,2119,0,114,2233,27.91,92,3,0,2,1,3,2853
SID-18937,Royal LePage Preferred Real Estate,10042,AB,D1,2,40,2,1,0,0,0,0,0,0,0,0,1,50.00%,0,0.00%,,,,,,514,200,10,23657,211,39,23907,298.84,2665,34,0,1,0.5,101,513
SID-18742,Royal LePage CoteDeGaspe,31,QC,D1,1,40,1,1,0,0,0,0,0,0,1,1,,,,,,,,,,1229,0,0,0,0,38,38,0.95,0,0,0,1,1,0,1229
SID-18769,Royal LePage 100 Mile Realty,146,BC,D1,1,40,0,0,0,0,0,0,0,0,0,0,,,,,,,,,,1992,0,0,272,0,17,289,7.23,0,4,0,0,0,3,1992
SID-18817,Royal LePage Atlantic  NS,798,NB,D1,1,40,0,0,0,0,0,0,0,0,0,0,,,,,0,0,,,,3948,4,131,5599,215,141,5955,148.88,676,2,0,0,0,6,3948
SID-18818,Royal LePage Redwillo Realty,844,AB,D1,1,40,1,1,1,1,0,0,0,0,0,0,,,,,,,,,,332,0,0,240,118,1,359,8.98,0,0,0,1,1,44,324
SID-18832,Royal LePage MultiServices,4493,QC,D1,1,40,1,1,0,0,0,0,0,0,0,0,,,,,,,,,,0,0,0,0,0,0,0,0,0,0,0,0,0,0,0
SID-18900,Royal LePage Integrity,10015,AB,D1,1,40,1,1,0,0,0,0,0,0,0,0,1,100.00%,0,0.00%,0,0,,,,754,1,0,86,3,22,111,2.78,9,3,0,0,0,0,740
SID-18924,Royal LePage Grange Hall Realty,10034,ON,D1,1,40,1,1,0,0,0,0,0,0,0,0,,,,,,,,,,119,8,0,1228,0,9,1237,30.93,18,9,0,0,0,14,119
SID-18930,Royal LePage Optimum,10039,QC,D1,1,40,1,1,0,0,0,0,0,0,0,0,,,,,,,,,,19,3,0,35,1,0,36,0.9,15,5,0,0,0,0,19
SID-18933,Royal LePage Cite,10052,QC,D1,1,40,1,1,0,0,0,0,0,0,0,0,,,,,,,,,,2,2,0,21,2,0,23,0.58,22,2,0,1,1,0,2
SID-18946,Royal LePage Trinity Realty,10022,ON,D1,1,40,1,1,0,0,0,0,0,0,0,0,,,,,0,0,,,,1666,4,18,272,9,79,360,9,28,0,0,0,0,11,1661
SID-18950,Royal LePage Escarpment Realty,10035,ON,D1,1,40,1,1,0,0,0,0,0,0,0,0,,,,,,,,,,179,1,2,153,7,6,166,4.15,0,0,0,1,1,7,179
SID-18955,Royal LePage Vidorra,10058,SK,D1,1,40,1,1,1,1,0,0,0,0,1,1,,,,,,,,,,2002,0,0,676,11,42,729,18.23,0,8,0,1,1,11,2001
SID-18979,Royal LePage Partners Realty,94,ON,D1,1,40,1,1,0,0,0,0,0,0,0,0,,,,,,,,,,530,16,16,3401,7,54,3462,86.55,107,3,0,0,0,12,523
SID-18995,Royal LePage Signature,10079,SK,D1,1,40,1,1,1,1,0,0,0,0,0,0,1,100.00%,0,0.00%,,,,,,848,203,4,1162,47,7,1216,30.4,1733,301,3,1,1,7,848
SID-34986,Royal LePage Active Lifestyles,10150,ON,D1,1,31,0,0,0,0,0,0,0,0,0,0,,,,,,,,,,942,35,1,6157,802,48,7007,226.03,204,10,0,0,0,150,774
SID-62219," ROYAL LEPAGE IGNITE REALTY, BROKERAGE ",10082,ON,D1,1,9,1,1,1,1,1,1,1,1,0,0,1,100.00%,0,0.00%,,,,,,1460,72,16,9610,264,17,9891,1099,2548,57,0,1,1,61,1460
SID-18771,Royal LePage Rocky Mountain Realty,118,AB,D1,0,40,0,,0,,0,,0,,0,,,,,,0,0,,,,7020,5,18,115,12,3,130,,45,548,0,0,,3,6883
SID-18790,Royal LePage G. Bruce Macdonald Real Estate,83,ON,D1,0,40,0,,0,,0,,0,,0,,,,,,,,,,,96,0,0,269,0,3,272,,0,0,0,0,,3,96
SID-18794,Royal LePage Carlton,424,SK,D1,0,40,0,,0,,0,,0,,0,,,,,,,,,,,2,0,0,0,0,0,0,,1,2,0,0,,0,2
SID-18796,Royal LePage Allstar,501,AB,D1,0,40,0,,0,,0,,0,,0,,,,,,0,0,,,,1612,11,9,446,4,9,459,,44,10,0,0,,8,1611
SID-18808,Royal LePage Brennan Realty,192,NS,D1,0,40,0,,0,,0,,0,,0,,,,,,,,,,,328,0,0,389,0,1,390,,0,0,0,0,,16,328
SID-18830,Royal LePage Bay Chaleur Real Estate,6203,NB,D1,0,40,0,,0,,0,,0,,0,,,,,,,,,,,503,59,0,13,0,36,49,,249,81,0,0,,2,503
SID-18835,Royal LePage ONeil Realty,9994,ON,D1,0,40,0,,0,,0,,0,,0,,,,,,,,,,,84,0,0,85,0,8,93,,0,0,0,0,,0,84
SID-18853,Royal LePage Alliance,9983,MB,D1,0,40,0,,0,,0,,0,,0,,,,,,,,,,,121,0,0,251,0,1,252,,0,1,0,0,,0,121
SID-18860,Royal LePage Miramichi River Realty,9979,NB,D1,0,40,0,,0,,0,,0,,0,,,,,,,,,,,564,2,0,1097,226,25,1348,,17,0,0,0,,56,540
SID-18875,Royal LePage Pro2000,6045,QC,D1,0,40,0,,0,,0,,0,,0,,,,,,,,,,,193,0,0,0,0,2,2,,0,1,0,0,,0,193
SID-18884,Royal LePage Cascade Realty,10027,BC,D1,0,40,0,,0,,0,,0,,0,,,,,,,,,,,803,0,0,2,0,0,2,,14,11,1,0,,2,803
SID-18895,Royal LePage Pro,10078,QC,D1,0,40,0,,0,,0,,0,,0,,,,,,,,,,,14,0,0,0,0,2,2,,0,0,0,0,,0,14
SID-18913,Royal LePage Summum,7197,QC,D1,0,40,0,,0,,0,,0,,0,,,,,,,,,,,226,0,0,0,0,0,0,,0,0,0,0,,1,226
SID-18919,Royal LePage Homewise Realty,10023,AB,D1,0,40,0,,0,,0,,0,,0,,,,,,,,,,,653,3,0,277,0,21,298,,112,5,0,0,,4,653
SID-18931,Royal LePage Aztec Real Estate,10086,AB,D1,0,40,0,,0,,0,,0,,0,,,,,,,,,,,806,1,0,0,0,1,1,,2,1,0,0,,0,806
SID-18938,Royal LePage AvantGarde,9996,QC,D1,0,40,0,,0,,0,,0,,0,,,,,,,,,,,145,2,0,126,61,5,192,,5,1,0,0,,16,145
SID-18954,Royal LePage United Realty,10074,ON,D1,0,40,0,,0,,0,,0,,0,,,,,,,,,,,66,0,0,28,0,4,32,,0,0,0,0,,0,66
SID-18968,Royal LePage Professionals 2000,196,NL,D1,0,40,0,,0,,0,,0,,0,,,,,,,,,,,0,0,0,0,0,0,0,,0,0,0,0,,0,0
SID-18985,Royal LePage Zadderey Agencies,139,AB,D1,0,40,0,,0,,0,,0,,0,,,,,,,,,,,44,0,0,118,0,4,122,,0,0,0,0,,1,44